Vorname,Nachname
Jan,Neumann
Moritz,Krüger
Johannes,Zimmermann
Jan,Hofmann
Marie,Schmidt
Philipp,Becker
Jakob,Schmidt
Sophie,Koch
Clara,Koch
Enis,Lewandowski
Lena,Krüger
Anna,Schneider
Emma,Krüger
Sebastian,Richter
Tobias,Wagner
Mateusz,Petrovic
Leon,Richter
Johannes,Neumann
Nina,Krüger
Dmitri,Wójcik
Felix,Fischer
Can,Kuznetsov
Tom,Hartmann
Philipp,Lange
Tom,Koch
Jan,Fischer
Moritz,Klein
Julia,Krüger
Merve,Wójcik
Leon,Fischer
Nina,Schulz
Sebastian,Schmidt
Simon,Becker
Dmitri,Sokolov
Hannah,Zimmermann
Tom,Schulz
Nina,Meyer
David,Hartmann
Sebastian,Schneider
Sophie,Hofmann
Ben,Schmitt
Emma,Schmitt
Julia,Wolf
Sebastian,Koch
Jan,Koch
Moritz,Schneider
Zuzanna,Ibrahimovic
Leon,Wagner
Kasia,Orlov
Omar,Jovanovic
Kasia,Petrova
Hannah,Wolf
Paul,Schmidt
Alexei,Petrova
Anna,Wolf
Merve,Petrova
Kasia,El-Khatib
Nina,Schneider
Julia,Fischer
Paul,Koch
Emma,Weber
Felix,Becker
Nina,Braun
Tobias,Lange
Tom,Meyer
Nina,Klein
Milos,Acar
Jakub,Ibrahimovic
Tobias,Fischer
Lena,Zimmermann
Dmitri,Zielinski
Dmitri,Kuznetsov
Hassan,Kowalski
Layla,Markovic
Zara,Farouk
Can,Kaya
Enis,Kowalski
Simon,Schmidt
Emma,Meyer
Sophie,Krüger
Zuzanna,Acar
Amir,Wójcik
Anastasia,El-Khatib
David,Wolf
Amir,Abdallah
Clara,Schmitt
Ben,Krüger
Julia,Meyer
Julia,Schulz
Aylin,Yilmaz
Felix,Hofmann
Lena,Hartmann
Lena,Schneider
Emine,Jovanovic
Philipp,Hofmann
Milos,Abdallah
Clara,Schulz
Tom,Hofmann
David,Neumann
Marlene,Wolf
Nina,Koch
Nikita,Markovic
Lisa,Schulz
Julia,Zimmermann
Tim,Hartmann
Yusuf,Farouk
Omar,Lewandowski
Tom,Braun
Paul,Fischer
Emma,Koch
Can,Zielinski
Clara,Schneider
Marlene,Schulz
Lisa,Schmidt
Dmitri,Jovanovic
Tobias,Hofmann
Jan,Meyer
Hannah,Schmidt
Hannah,Weber
Tim,Wolf
Maximilian,Fischer
Enis,Öztürk
Ali,Ibrahimovic
Maximilian,Wolf
Lisa,Fischer
Clara,Weber
Tom,Schmidt
Jakub,Kuznetsov
Marie,Koch
Tim,Krüger
Amir,Zielinski
Laura,Schneider
Paul,Schulz
Ben,Braun
Alexei,Jovanovic
Sebastian,Weber
Omar,Öztürk
Sophie,Klein
Hassan,Acar
Mateusz,Kowalski
Clara,Krüger
Irina,Sokolov
Elma,Wójcik
Laura,Becker
Dmitri,Najjar
Jakob,Schulz
Ali,Hadzic
Leon,Weber
Zuzanna,Kaya
Johannes,Wagner
Hannah,Hartmann
Irina,Farouk
Felix,Koch
Moritz,Hofmann
Mateusz,Najjar
Lena,Richter
Anna,Schmidt
Tom,Schmitt
Tom,Lange
Jan,Lange
Ben,Wagner
Laura,Schulz
Maximilian,Braun
Anna,Hartmann
Simon,Fischer
Felix,Richter
Elma,Zielinski
Layla,Petrova
Marlene,Krüger
Layla,El-Khatib
Merve,Abdallah
Kasia,Wójcik
Marlene,Meyer
Enis,Yilmaz
Clara,Lange
Maximilian,Schmitt
Tobias,Becker
Jakub,Jovanovic
Lisa,Braun
Laura,Schmidt
Sebastian,Braun
Ben,Zimmermann
Tim,Braun
Sophie,Schmitt
Yusuf,Jovanovic
Tom,Neumann
Franziska,Braun
Lisa,Lange
Ali,Lewandowski
Jan,Krüger
Ben,Hofmann
Hannah,Klein
Laura,Hartmann
Fatma,Kaya
Yusuf,Nowak
Julia,Weber
Hannah,Schulz
Lukas,Wagner
Jan,Zimmermann
Franziska,Hofmann
Jan,Schulz
Lena,Wolf
Jakub,Orlov
Ben,Lange
Leon,Schneider
Sebastian,Lange
Tom,Richter
Moritz,Weber
Samira,Markovic
Paul,Becker
Jakub,Acar
Hannah,Krüger
Clara,Richter
Yusuf,Kuznetsov
Tom,Weber
Jan,Richter
Sebastian,Becker
David,Richter
Irina,Najjar
Marie,Hartmann
Lukas,Schmidt
Jakob,Lange
Jovana,Kuznetsov
Zara,Öztürk
Lukas,Hartmann
Nina,Richter
Ben,Schulz
Felix,Weber
Aylin,Zielinski
Tobias,Wolf
Nina,Hofmann
Can,Öztürk
Omar,Ivanov
Merve,Hadzic
David,Zimmermann
Marie,Meyer
Philipp,Zimmermann
Clara,Wagner
Jakob,Schmitt
Marlene,Lange
Marlene,Schmitt
Anna,Krüger
Sophie,Neumann
Felix,Hartmann
Laura,Neumann
Milos,Farouk
Lena,Klein
Efe,Petrovic
Tom,Wagner
Moritz,Schmitt
Omar,Yilmaz
Anastasia,Petrovic
Lena,Koch
Simon,Zimmermann
Laura,Meyer
Jakob,Meyer
Simon,Wagner
Marie,Zimmermann
Enis,Kuznetsov
Ali,Zielinski
Alexei,Nowak
Anastasia,Najjar
Zara,Nowak
Merve,Farouk
Felix,Schmidt
Yusuf,Markovic
Franziska,Weber
Julia,Koch
Yusuf,Acar
Franziska,Koch
Tobias,Neumann
Tim,Schulz
Zuzanna,Markovic
Franziska,Neumann
Mateusz,Yilmaz
Can,Wójcik
Tim,Wagner
Lisa,Klein
Paul,Zimmermann
Merve,Acar
Tobias,Meyer
Hannah,Schmitt
Tim,Zimmermann
Ben,Schneider
Lukas,Klein
Clara,Klein
Clara,Fischer
Samira,Demir
Zara,Orlov
Emma,Klein
Simon,Wolf
Leon,Hartmann
Yusuf,Lewandowski
Anna,Weber
Lisa,Hofmann
Paul,Meyer
Sophie,Becker
Moritz,Lange
Lisa,Krüger
Irina,Jovanovic
Maximilian,Klein
Paul,Wolf
Julia,Klein
Moritz,Zimmermann
Jakob,Wagner
Ben,Weber
Emine,Zielinski
Clara,Hartmann
Tim,Klein
Nina,Neumann
Paul,Richter
Anna,Becker
Leon,Koch
David,Fischer
Hannah,Neumann
Hassan,Kaya
Mateusz,Öztürk
Emine,Sokolov
Franziska,Wolf
Alexei,Petrovic
Marlene,Wagner
Hannah,Lange
Felix,Wolf
Nina,Becker
Fatma,El-Khatib
Layla,Yilmaz
Jakob,Klein
Maximilian,Wagner
Moritz,Neumann
Marie,Weber
Philipp,Schmitt
Lena,Weber
Marlene,Schneider
Anna,Richter
Emma,Schneider
Lena,Schmitt
Nina,Schmidt
Elma,Markovic
Felix,Zimmermann
Franziska,Fischer
Lena,Schulz
Tobias,Schneider
Irina,Orlov
Franziska,Schmitt
Tom,Becker
Sebastian,Wagner
Hannah,Schneider
Leon,Hofmann
Lukas,Koch
Nina,Fischer
Franziska,Schulz
Marlene,Richter
Tobias,Zimmermann
Enis,Ivanov
Philipp,Neumann
Hassan,El-Khatib
Lukas,Hofmann
Felix,Braun
Ben,Klein
Emma,Lange
Tobias,Weber
Maximilian,Schulz
Lena,Schmidt
Marlene,Braun
Layla,Demir
Leon,Becker
Marie,Schmitt
Jakob,Zimmermann
Leon,Krüger
Tobias,Braun
Maximilian,Meyer
Anna,Meyer
Anna,Lange
Johannes,Becker
Nina,Weber
Marie,Becker
Tobias,Richter
Samira,Farouk
Anastasia,Haddad
Philipp,Wagner
Ben,Becker
Fatma,Acar
Hannah,Meyer
Can,Markovic
Hannah,Koch
Maximilian,Zimmermann
Marlene,Zimmermann
Yusuf,Petrova
Tim,Schmidt
Paul,Hofmann
Franziska,Klein
Jakub,Markovic
Layla,Wójcik
Jovana,Ibrahimovic
Simon,Lange
Philipp,Schulz
Marie,Fischer
Jakub,Abdallah
Amir,Najjar
Philipp,Koch
Jakob,Krüger
Johannes,Schmidt
Lena,Becker
Samira,Ibrahimovic
Ali,Kowalski
David,Schulz
Anna,Neumann
Moritz,Braun
Maximilian,Lange
Marlene,Schmidt
Leon,Meyer
Enis,Sokolov
Amir,Kaya
Nina,Wagner
Leon,Klein
Maximilian,Weber
Felix,Krüger
Julia,Neumann
Jan,Braun
Sebastian,Schulz
Fatma,Hadzic
Sophie,Schneider
Emma,Richter
Sophie,Meyer
Jan,Wagner
Laura,Krüger
Lena,Meyer
Marie,Klein
Laura,Koch
Fatma,Sokolov
Enis,Abdallah
Marie,Hofmann
Marlene,Klein
Sophie,Wagner
Maximilian,Koch
Paul,Schneider
Tim,Meyer
Efe,Ibrahimovic
Nikita,Kowalski
Nikita,Haddad
Hannah,Fischer
Jan,Wolf
Lisa,Schneider
Zuzanna,Lewandowski
Philipp,Klein
Alexei,Lewandowski
Marie,Richter
Anastasia,Acar
Kasia,Sokolov
Ali,El-Khatib
Franziska,Schmidt
David,Klein
Alexei,Kaya
Sophie,Zimmermann
Anna,Klein
Jovana,Markovic
Laura,Hofmann
Milos,Yilmaz
Tobias,Hartmann
Laura,Zimmermann
Hassan,Najjar
Efe,Jovanovic
Marlene,Hofmann
Lukas,Richter
Jakob,Becker
Dmitri,Acar
Jakob,Weber
Moritz,Richter
Simon,Neumann
Enis,Demir
Kasia,Kowalski
Samira,Petrova
Julia,Wagner
Emine,Petrovic
Philipp,Braun
Enis,Hadzic
Sebastian,Zimmermann
Lukas,Fischer
Maximilian,Becker
Efe,Demir
Philipp,Schmidt
Simon,Hartmann
Nina,Wolf
Simon,Klein
Emma,Becker
Layla,Abdallah
Enis,Jovanovic
Marie,Schulz
Julia,Schmidt
Marie,Lange
Zara,Najjar
Yusuf,Kowalski
Anna,Wagner
Jakub,Petrova
Anastasia,Wójcik
Efe,Ivanov
Jovana,Abdallah
Fatma,Demir
Sophie,Lange
Jakub,Najjar
